title,url,type
لیگ تکواندو| مس سونگون ورزقان نایب قهرمان شد,https://www.varzesh3.com/news/1866917/لیگ-تکواندو-مس-سونگون-ورزقان-نایب-قهرمان-شد,['text-type']
غیبت یک ستاره ملی‌پوش سریک را زمین زد!,https://www.varzesh3.com/news/1866916/غیبت-یک-ستاره-ملی-پوش-سریک-را-زمین-زد,['text-type']
دعوای FIA و فرمول یک ,https://www.varzesh3.com/news/1866881/دعوای-fia-و-فرمول-یک,['text-type']
رامسر میزبان مسابقات قوی‌ترین مردان و زنان جهان است,https://www.varzesh3.com/news/1866876/رامسر-میزبان-مسابقات-قوی-ترین-مردان-و-زنان-جهان-است,['text-type']
شوک به سردار و تیمش: هیچکس فکرش را نمی‌کرد,https://www.varzesh3.com/news/1866871/سردار-برای-این-برد-سریک-تا-مرز-سکته-رفت,['text-type']
صحبت‌های پوران زارع در جواب سردار آزمون,https://video.varzesh3.com/video/270817/پوران-زارع-جواب-سردار-آزمون-را-داد-بیرون-زمین-حرف-زدن-فایده-ندارد,['video-type']
پاسخ سرمربی پیکان به کری‌های سردار آزمون,https://video.varzesh3.com/video/270815/رشیدی-در-پاسخ-به-کری-های-سردار-آزمون-ما-داخل-زمین-حرف-می-زنیم,['video-type']
خلاصه والیبال زنان پیکان 3 - ذوب آهن 0 ,https://video.varzesh3.com/video/270816/خلاصه-والیبال-زنان-پیکان-3-ذوب-آهن-0,['video-type']
کری مازندرانی جوان‌ترین بازیکن والیبال زنان ,https://video.varzesh3.com/video/270813/کری-مازندرانی-جوان-ترین-بازیکن-والیبال-زنان,['video-type']
خط و نشان مدعی: نیمی از راه صعود به فینال طی شد,https://www.varzesh3.com/news/1866859/خط-و-نشان-مدعی-نیمی-از-راه-صعود-به-فینال-طی-شد,['text-type']
راه‌یابی برترین‌های تور تنیس جهانی به یک چهارم‌نهایی,https://www.varzesh3.com/news/1866858/راه-یابی-برترین-های-تور-تنیس-جهانی-به-یک-چهارم-نهایی,['text-type']
نیمه نهایی لیگ برتر والیبال زنان پیکان -ذوب آهن,https://video.varzesh3.com/video/270806/حال-و-هوای-نیمه-نهایی-لیگ-برتر-والیبال-زنان-پیکان-و-ذوب-آهن,['video-type']
پیروزی لیکرز در بازگشت آنتونی دیویس,https://www.varzesh3.com/news/1866851/پیروزی-لیکرز-در-بازگشت-آنتونی-دیویس,['text-type']
ویلاندر: آسیب ساختگی جوکوویچ مضحک است,https://www.varzesh3.com/news/1866850/ویلاندر-آسیب-ساختگی-جوکوویچ-مضحک-است,['text-type']
راه‌یابی برترین‌های تور تنیس جهانی به یک‌چهارم‌ نهایی,https://www.varzesh3.com/news/1866846/راه-یابی-برترین-های-تور-تنیس-جهانی-به-یک-چهارم-نهایی,['text-type']
پخش اختصاصی نیمه‌نهایی هیجان‌انگیز از آنتن,https://www.varzesh3.com/news/1866847/پخش-اختصاصی-نیمه-نهایی-هیجان-انگیز-از-آنتن,['text-type']
موافقت IOC با حضور ورزشکاران روس در بازی‌های آسیایی,https://www.varzesh3.com/news/1866837/موافقت-ioc-با-حضور-ورزشکاران-روس-در-بازی-های-آسیایی,['text-type']
سورپرایز جوکوویچ برای تولد مادرش,https://video.varzesh3.com/video/270795/سورپرایز-جوکوویچ-برای-تولد-مادرش,['video-type']
محافظ دهان باز هم برای ستاره بسکتبال دردسرساز شد,https://www.varzesh3.com/news/1866829/محافظ-دهان-باز-هم-برای-ستاره-بسکتبال-دردسرساز-شد,['text-type']
حساسیت در نقطه اوج: 9 تیم و فقط 5 سهمیه ,https://www.varzesh3.com/news/1866827/حساسیت-به-در-نقطه-اوج-9-تیم-و-فقط-5-سهمیه,['text-type']
عموزاد: هدف من مسابقات جهانی و المپیک است,https://www.varzesh3.com/news/1866825/عموزاد-هدف-من-مسابقات-جهانی-و-المپیک-است,['text-type']
ارسلان: هر کجا باشم به این آب و خاک تعلق دارم,https://www.varzesh3.com/news/1866823/ارسلان-هر-کجا-باشم-به-این-آب-و-خاک-تعلق-دارم,['text-type']
خوشحالم، بردن در خانه حریف لذت متفاوتی دارد ,https://www.varzesh3.com/news/1866821/خوشحالم-بردن-در-خانه-حریف-لذت-متفاوتی-دارد,['text-type']
شکایت شرکت پیکه از فدراسیون جهانی تنیس,https://www.varzesh3.com/news/1866819/شکایت-شرکت-پیکه-از-فدراسیون-جهانی-تنیس,['text-type']
بررسی بازگشت احتمالی دوندگان روسی به مسابقات,https://www.varzesh3.com/news/1866818/بررسی-بازگشت-احتمالی-دوندگان-روسی-به-مسابقات,['text-type']
برگزاری دوره مربیگری بین المللی تیراندازی باکمان,https://www.varzesh3.com/news/1866817/برگزاری-دوره-مربیگری-بین-المللی-سطح-یک-تیراندازی-باکمان,['text-type']
کارلسن شطرنج‌باز ایران را غافلگیر کرد,https://www.varzesh3.com/news/1866815/کارلسن-شطرنج-باز-ایران-را-غافلگیر-کرد,['text-type']
مهدوی: باید خیلی زود این بازی را فراموش کنیم,https://www.varzesh3.com/news/1866814/مهدوی-باید-خیلی-زود-این-بازی-را-فراموش-کنیم,['text-type']
اردو پشت اردو، این‌بار تهران!,https://www.varzesh3.com/news/1866813/اردو-پشت-اردو-اینبار-تهران,['text-type']
دوچرخه ۹۰۰ میلیونی اماراتی‌ها برای دختر رکابزن ایران,https://www.varzesh3.com/news/1866810/دوچرخه-۹۰۰-میلیونی-اماراتی-ها-برای-دختر-رکابزن-ایران,['text-type']
کادر فنی به زودی برای آزادکاران غایب تصمیم می‌گیرد,https://www.varzesh3.com/news/1866809/کادر-فنی-به-زودی-برای-آزادکاران-غایب-تصمیم-می-گیرد,['text-type']
نبرد برای صعود در جدول لیگ برتر هندبال زنان ,https://www.varzesh3.com/news/1866808/نبرد-برای-صعود-در-جدول-لیگ-برتر-هندبال-زنان,['text-type']
تیم‌های مرحله نیمه‌نهایی هندبال مشخص شدند,https://www.varzesh3.com/news/1866795/هندبال-قهرمانی-جهان-تیم-های-مرحله-نیمه-نهایی-مشخص-شدند,['text-type']
شکست وفایی از اسنوکرباز انگلیسی,https://www.varzesh3.com/news/1866791/شکست-وفایی-از-اسنوکرباز-انگلیسی,['text-type']
نمایش اتحاد به سبک والیبالیست‌های پیکان (عکس),https://www.varzesh3.com/news/1866777/نمایش-اتحاد-به-سبک-والیبالیست-های-پیکان-عکس,['text-type']
خلاصه بسکتبال ذوب آهن 79 - بیروت 72,https://video.varzesh3.com/video/270762/خلاصه-بسکتبال-ذوب-آهن-79-بیروت-72,['video-type']
خلاصه والیبال پیکان 3 - لبنیات هراز 2,https://video.varzesh3.com/video/270761/خلاصه-والیبال-پیکان-3-لبنیات-هراز-2,['video-type']
کوهیان: سطح تیم لبنان با ستاره آمریکایی بالا رفته,https://www.varzesh3.com/news/1866770/کوهیان-سطح-تیم-لبنان-با-ستاره-آمریکایی-بالا-رفته,['text-type']
على ارسلان در خانه كشتى آفتابى شد (عكس),https://www.varzesh3.com/news/1866772/على-ارسلان-در-خانه-كشتى-آفتابى-شد-عكس,['text-type']
انتصاب جديد در فدراسيون تكواندو توسط هادى ساعى,https://www.varzesh3.com/news/1866771/انتصاب-جديد-در-فدراسيون-تكواندو-توسط-هادى-ساعى,['text-type']
ذوب آهن، از بيروت لبنان انتقام گرفت,https://www.varzesh3.com/news/1866769/انتقام-بسکتبالیست-های-ذوب-آهن-از-حریف-لبنانی,['text-type']
خلاصه والیبال ایفا سرام 2 - مس‌رفسنجان 3,https://video.varzesh3.com/video/270759/خلاصه-والیبال-ایفا-سرام-2-مس-رفسنجان-3,['video-type']
خلاصه بسکتبال واشینگتون ویزارد - دالاس ماوریکس,https://video.varzesh3.com/video/270729/خلاصه-بسکتبال-واشنگتون-ویزارد-دالاس-ماوریکس,['video-type']
ستاره سابق تیم ملی در نقش منجی ظاهر شد ,https://www.varzesh3.com/news/1866762/ستاره-سابق-تیم-ملی-در-نقش-منجی-ظاهر-شد,['text-type']
شکست مقابل پیکان را به فال نیک می‌گیریم,https://www.varzesh3.com/news/1866757/شکست-مقابل-پیکان-را-به-فال-نیک-می-گیریم,['text-type']
طعم شیرین انتقام با کمک هزار هوادار پرشور ,https://www.varzesh3.com/news/1866752/طعم-شیرین-انتقام-با-کمک-هزار-هوادار-پرشور,['text-type']
واکنش پیمان اکبری به پیروزی مهم مقابل تیم عطایی,https://www.varzesh3.com/news/1866751/واکنش-پیمان-اکبری-به-پیروزی-مهم-مقابل-تیم-عطایی,['text-type']
تعطیلی لیگ بسکتبال به خاطر انتخابی جام جهانی,https://www.varzesh3.com/news/1866748/تعطیلی-لیگ-بسکتبال-به-خاطر-انتخابی-جام-جهانی,['text-type']
اکبری با عطایی بی‌حساب شد: وعده دیدار، شاید فینال,https://www.varzesh3.com/news/1866743/اکبری-با-عطایی-بی-حساب-شد-وعده-دیدار-شاید-فینال,['text-type']
شگفتی ساز لیگ به تیم قعر جدولی نه نگفت!,https://www.varzesh3.com/news/1866738/شگفتی-ساز-لیگ-به-تیم-قعر-جدولی-نه-نگفت,['text-type']
معرفی دومین صعود کننده به پلی‌آف لیگ برتر والیبال,https://www.varzesh3.com/news/1866734/معرفی-دومین-صعود-کننده-به-پلی-آف-لیگ-برتر-والیبال,['text-type']
دبل شیرین: چشمک موسوی و رفقا به پلی‌آف,https://www.varzesh3.com/news/1866725/دبل-شیرین-چشمک-موسوی-و-رفقا-به-پلی-آف,['text-type']
نمایش یاران اسماعیل نژاد: در حد یک مدعی قهرمانی!,https://www.varzesh3.com/news/1866722/نمایش-یاران-اسماعیل-نژاد-در-حد-یک-مدعی-قهرمانی,['text-type']
پائول: نمی‌توانم حضورم در نیمه‌نهایی گرنداسلم را باور کنم,https://www.varzesh3.com/news/1866719/پائول-نمی-توانم-حضورم-در-نیمه-نهایی-گرنداسلم-را-باور-کنم,['text-type']
حضور غیرمنتظره برزگر در خانه کشتی (عکس),https://www.varzesh3.com/news/1866716/حضور-غیرمنتظره-برزگر-در-خانه-کشتی-عکس,['text-type']
جوکوویچ: تنیس به فدرر نیاز دارد ,https://www.varzesh3.com/news/1866710/جوکوویچ-تنیس-به-فدرر-نیاز-دارد,['text-type']
ابتکار NBA پیش از بازی ستاره‌ها,https://www.varzesh3.com/news/1866705/ابتکار-nba-پیش-از-بازی-ستاره-ها,['text-type']
توقف پینگ‌پنگ باز شگفتی‌ساز ایران در مسابقات قطر,https://www.varzesh3.com/news/1866704/توقف-پینگ-پنگ-باز-شگفتی-ساز-ایران-در-مسابقات-قطر,['text-type']
کسب سه کرسی در فدراسیون جهانی تیراندازی,https://www.varzesh3.com/news/1866702/کسب-سه-کرسی-در-فدراسیون-جهانی-تیراندازی,['text-type']
برگزاری المپیاد ورزش دانش آموزی در ۵ رشته ورزشی,https://www.varzesh3.com/news/1866700/برگزاری-المپیاد-ورزش-دانش-آموزی-در-۵-رشته-ورزشی,['text-type']
تاخت‌و‌تاز جوکوویچ به سوی فینال اوپن استرالیا,https://www.varzesh3.com/news/1866699/تاخت-و-تاز-جوکوویچ-به-سوی-فینال-اوپن-استرالیا,['text-type']
استارت MMA در ایران، بانوان فعلا ممنوع!,https://www.varzesh3.com/news/1866684/استارت-mma-در-ایران-بانوان-فعلا-ممنوع,['text-type']
برگزاری انتخابات 9 فدراسیون تا پایان 1401,https://www.varzesh3.com/news/1866686/برگزاری-انتخابات-9-فدراسیون-تا-پایان-1401,['text-type']
واکنش وزیر ورزش به تحریم از سوی اتحادیه اروپا ,https://www.varzesh3.com/news/1866680/واکنش-وزیر-ورزش-به-تحریم-از-سوی-اتحادیه-اروپا,['text-type']
قیاسی:  با وجود چرخه انتخابی به کشتی‌گیری ظلم نمی‌شود,https://www.varzesh3.com/news/1866674/قیاسی-با-وجود-چرخه-انتخابی-به-کشتی-گیری-ظلم-نمی-شود,['text-type']
نگران از دست دادن عنوان شماره یک جهان نیستم,https://www.varzesh3.com/news/1866671/نگران-از-دست-دادن-عنوان-شماره-یک-جهان-نیستم,['text-type']
سه تیم در کورس قهرمانی لیگ برتر تکواندو,https://www.varzesh3.com/news/1866666/سه-تیم-در-کورس-قهرمانی-لیگ-برتر-تکواندو,['text-type']
مشتاقانه منتظر دیدار با خاچانوف هستم,https://www.varzesh3.com/news/1866665/مشتاقانه-منتظر-دیدار-با-خاچانوف-هستم,['text-type']
ایرانمنش: بعد از سال‌ها رکورد شکستیم,https://www.varzesh3.com/news/1866662/ایرانمنش-بعد-ازسالها-رکوردشکستیم,['text-type']
لیگ NBA| شکست سنگین لیکرز با رکورد شکنی جیمز,https://www.varzesh3.com/news/1866656/لیگ-nba-شکست-سنگین-لیکرز-با-رکورد-شکنی-جیمز,['text-type']
پدیده ایران در المپیک: آماده بازگشت قوی به تیم ملی ,https://www.varzesh3.com/news/1866649/پدیده-ایران-در-المپیک-آماده-بازگشت-قوی-به-تیم-ملی,['text-type']
آغاز اردوی ۱۰ ملی پوش جودوی ناشنوایان ایران ,https://www.varzesh3.com/news/1866647/آغاز-اردوی-۱۰-ملی-پوش-جودوی-ناشنوایان-ایران,['text-type']
بذری: مشکل بزرگ مازندران، رقبای مازندرانی هستند,https://www.varzesh3.com/news/1866646/بذری-مشکل-بزرگ-مازندران-رقبای-مازندرانی-هستند,['text-type']
احتمال ورود یک عضو جدید فرمول یک در هفته آینده,https://www.varzesh3.com/news/1866645/احتمال-ورود-یک-عضو-جدید-فرمول-یک-در-هفته-آینده,['text-type']
گودرزی: روی سکو نرویم، کاری نکرده‌ایم,https://www.varzesh3.com/news/1866643/گودرزی-روی-سکو-نرویم-کاری-نکرده-ایم,['text-type']
رقابت وفایی در شوت اوت ۲۰۲۳,https://www.varzesh3.com/news/1866642/رقابت-وفایی-در-شوت-اوت-۲۰۲۳,['text-type']
آغاز اردوی تیم ملی تیراندازی با کمان از هشتم بهمن ماه,https://www.varzesh3.com/news/1866639/آغاز-اردوی-تیم-ملی-تیراندازی-با-کمان-از-هشتم-بهمن-ماه,['text-type']
می توانیم قهرمان المپیک شویم,https://www.varzesh3.com/news/1866638/می-توانیم-قهرمان-المپیک-شویم,['text-type']
آزادکاران دارای سهمیه جام تختی مشخص شدند ,https://www.varzesh3.com/news/1866635/آزادکاران-دارای-سهمیه-جام-تختی-مشخص-شدند,['text-type']
تیم منتخب کشتی آزاد ایران راهی روسیه شد,https://www.varzesh3.com/news/1866636/تیم-منتخب-کشتی-آزاد-ایران-راهی-روسیه-شد,['text-type']
تکرار مدال المپیک بودجه 45 برابری می‌خواهد,https://www.varzesh3.com/news/1866631/تکرار-مدال-المپیک-بودجه-45-برابری-می-خواهد,['text-type']
وعده‌های سرکاری برای اعلام کاندیداهای دوچرخه‌سواری,https://www.varzesh3.com/news/1866630/وعده-های-سرکاری-برای-اعلام-کاندیداهای-دوچرخه-سواری,['text-type']
رویارویی قهرمان ایرانی با کایل اسنایدر آمریکایی,https://www.varzesh3.com/news/1866627/رویارویی-قهرمان-ایرانی-با-کایل-اسنایدر-آمریکایی,['text-type']
تیم ملی هندبال در غیاب وویوویچ به ایران بازگشت,https://www.varzesh3.com/news/1866626/تیم-ملی-هندبال-در-غیاب-وویوویچ-به-ایران-بازگشت,['text-type']
تنها تیراندازان شانس کسب مدال به هانگژو می‌روند,https://www.varzesh3.com/news/1866628/تنها-تیراندازان-شانس-کسب-مدال-به-هانگژو-می-روند,['text-type']
مقصودلو باز هم یک شطرنج‌باز آمریکایی را متوقف کرد,https://www.varzesh3.com/news/1866606/مقصودلو-باز-هم-یک-شطرنج-باز-آمریکایی-را-متوقف-کرد,['text-type']
گرد و خاک ۱۹ امتیازی صابر کاظمی در قطر,https://www.varzesh3.com/news/1866604/گرد-و-خاک-۱۹-امتیازی-صابر-کاظمی-در-قطر,['text-type']
10 حرکت برتر بسکتبال NBA در دیدارهای امروز,https://video.varzesh3.com/video/270686/10-حرکت-برتر-بسکتبال-nba-در-دیدارهای-امروز,['video-type']
شگفتی‌سازی پینگ‌پنگ‌باز ۱۷ساله ایرانی,https://www.varzesh3.com/news/1866589/شگفتی-سازی-پینگ-پنگ-باز-۱۷-ساله-ایرانی,['text-type']
هیچ وقت نمی‌توانم جایگزین محمد بنا باشم,https://video.varzesh3.com/video/270689/هیچ-وقت-نمی-توانم-جایگزین-محمد-بنا-باشم,['video-type']
دو انتصاب در فدراسیون اسکیت,https://www.varzesh3.com/news/1866558/دو-انتصاب-در-فدراسیون-اسکیت,['text-type']
گروه‌بندی مسابقات هندبال ساحلی قهرمانی مردان آسیا,https://www.varzesh3.com/news/1866557/گروه-بندی-مسابقات-هندبال-ساحلی-قهرمانی-مردان-آسیا,['text-type']
خلاصه بسکتبال یوتا جاز - شارلوت هورنتس,https://video.varzesh3.com/video/270684/خلاصه-بسکتبال-یوتا-جاز-شارلوت-هورنتس,['video-type']
خلاصه بسکتبال پورتلند تریل بلیزرز - سن آنتونیو اسپرز,https://video.varzesh3.com/video/270683/خلاصه-بسکتبال-پورتلند-تریل-بلیزرز-سن-آنتونیو-اسپرز,['video-type']
جدال 14 بوکسور برای رسیدن به پیراهن تیم ملی,https://www.varzesh3.com/news/1866554/جدال-14-بوکسور-برای-رسیدن-به-پیراهن-تیم-ملی,['text-type']
لیگ برتر تکواندو| تلاش سه تیم برای بالا بردن جام,https://www.varzesh3.com/news/1866549/لیگ-برتر-تکواندو-تلاش-سه-تیم-برای-بالا-بردن-جام,['text-type']
حسین وفایی: از عنوان قهرمانی خود دفاع خواهم کرد,https://www.varzesh3.com/news/1866542/حسین-وفایی-از-عنوان-قهرمانی-خود-دفاع-خواهم-کرد,['text-type']
پالایش نفت به دنبال اولین قهرمانی,https://www.varzesh3.com/news/1866539/لیگ-برتر-تکواندو-پالایش-نفت-به-دنبال-اولین-قهرمانی,['text-type']
جوکوویچ: شاید روزی با پسرم همبازی شوم,https://www.varzesh3.com/news/1866541/جوکوویچ-شاید-روزی-با-پسرم-همبازی-شوم,['text-type']
منصور برزگر: در هیچ زمینه‌ای المپیکی فکر نمی‌کنیم,https://www.varzesh3.com/news/1866538/منصور-برزگر-در-هیچ-زمینه-ای-المپیکی-فکر-نمی-کنیم,['text-type']
حضور قهرمانان مسابقات کشتی پهلوانی در جام تختی,https://www.varzesh3.com/news/1866537/حضور-قهرمانان-مسابقات-کشتی-پهلوانی-در-جام-تختی,['text-type']
صعود نوشاد و حذف نیما در مسابقات قطر,https://www.varzesh3.com/news/1866548/صعود-نوشاد-و-حذف-نیما-در-مسابقات-قطر,['text-type']
ملی‌پوش بسکتبال ژاپن همبازی جیمز شد,https://www.varzesh3.com/news/1866530/ملی-پوش-بسکتبال-ژاپن-همبازی-جیمز-شد,['text-type']
حمله به دو طلاى المپيك پاريس از قلب جويبار,https://www.varzesh3.com/news/1866529/حمله-به-دو-طلاى-المپيك-پاريس-از-قلب-جويبار,['text-type']
سخت‌ترین بازی ذوب‌آهن در بسکتبال غرب آسیا,https://www.varzesh3.com/news/1866547/سخت-ترین-بازی-ذوب-آهن-در-بسکتبال-غرب-آسیا,['text-type']
خلاصه بسکتبال دیترویت پیستونز - میلواکی باکس,https://video.varzesh3.com/video/270682/خلاصه-بسکتبال-دیترویت-پیستونز-میلواکی-باکس,['video-type']
خلاصه بسکتبال شیکاگو بولز - آتلانتا هاوکس,https://video.varzesh3.com/video/270681/خلاصه-بسکتبال-شیکاگو-بولز-آتلانتا-هاوکس,['video-type']
عموزاد: براى رسيدن به طلاى المپيك پا پس نمى‌كشم,https://video.varzesh3.com/video/270680/عموزاد-براى-رسيدن-به-طلاى-المپيك-پا-پس-نمى-كشم,['video-type']
خلاصه بسکتبال اورلاندو مجیک - بوستون سلتیکس,https://video.varzesh3.com/video/270676/خلاصه-بسکتبال-اورلاندو-مجیک-بوستون-سلتیکس,['video-type']
ارسلان با صربستان هم قهرمان شود، افتخار ايران است,https://video.varzesh3.com/video/270674/دبير-ارسلان-با-صربستان-هم-قهرمان-شود-افتخار-ايران-است,['video-type']
نصب اجباری دوربین در کلاه راننده‌های فرمول یک,https://www.varzesh3.com/news/1866532/نصب-اجباری-دوربین-در-کلاه-راننده-های-فرمول-یک,['text-type']
دبير: به قاسمپور گفتم يك سال خودت را جلو بيانداز,https://video.varzesh3.com/video/270673/دبير-به-قاسمپور-گفتم-يك-سال-خودت-را-جلو-بيانداز,['video-type']
ایران بدنبال اولین سهمیه المپیک در اسکیت برد,https://www.varzesh3.com/news/1866531/ایران-بدنبال-اولین-سهمیه-المپیک-در-اسکیت-برد,['text-type']
خلاصه بسکتبال هیوستون راکتس - مینسوتا تیمبرولوز,https://video.varzesh3.com/video/270672/خلاصه-بسکتبال-هیوستون-راکتس-مینسوتا-تیمبرولوز,['video-type']
قهرمان المپیک و شرکت در انتخابات بزرگ 2025,https://www.varzesh3.com/news/1866503/قهرمان-المپیک-و-شرکت-در-انتخابات-بزرگ-2025,['text-type']
خلاصه بسکتبال ساکرامنتو کینگز - ممفیس گریزلیز,https://video.varzesh3.com/video/270671/خلاصه-بسکتبال-ساکرامنتو-کینگز-ممفیس-گریزلیز,['video-type']
برآورد هزینه فدراسیون کشتی در سال,https://www.varzesh3.com/news/1866491/برآورد-هزینه-فدراسیون-کشتی-در-سال,['text-type']
تغییر ترکیب تیم ملی تنیس روی میز بانوان,https://www.varzesh3.com/news/1866490/تغییر-ترکیب-تیم-ملی-تنیس-روی-میز-بانوان,['text-type']
در انتظار شلوغ ترین سال تاریخ والیبال ایران!,https://www.varzesh3.com/news/1866488/در-انتظار-شلوغ-ترین-سال-تاریخ-والیبال-ایران,['text-type']
خاچانوف: خودم را دوباره کشف کرده‌ام,https://www.varzesh3.com/news/1866481/خاچانوف-خودم-را-دوباره-کشف-کرده-ام,['text-type']
فردی: رقابت نزدیکی با رقبا برای کسب قهرمانی داریم,https://www.varzesh3.com/news/1866480/فردی-رقابت-نزدیکی-با-رقبا-برای-کسب-قهرمانی-داریم,['text-type']
صعود خاچانوف به نیمه‌نهایی گرنداسلم استرالیا,https://www.varzesh3.com/news/1866479/صعود-خاچانوف-به-نیمه-نهایی-گرنداسلم-استرالیا,['text-type']
هندبالیست ۱۸ ساله ایرانی دومین بازیکن تورنمنت,https://www.varzesh3.com/news/1866478/هندبالیست۱۸-ساله-ایرانی-دومین-بازیکن-تورنمنت,['text-type']
لیگ NBA| میلواکی، تنها میهمان پیروز,https://www.varzesh3.com/news/1866476/لیگ-nba-میلواکی-تنها-میهمان-پیروز,['text-type']
رقابت ۱۲۰ تنیسور داخلی و خارجی در تور جهانی,https://www.varzesh3.com/news/1866482/رقابت-۱۲۰-تنیسور-داخلی-و-خارجی-در-تور-جهانی,['text-type']
تنها تیم ایرانی که ۳۲ سال در صدر رنکینگ جهان است,https://www.varzesh3.com/news/1866475/تنها-تیم-ایرانی-که-۳۲-سال-در-صدر-رنکینگ-جهان-است,['text-type']
بازگشایی رسمی پیست بین‌المللی اسکی دیزین,https://www.varzesh3.com/news/1866477/بازگشایی-رسمی-پیست-بین-المللی-اسکی-دیزین,['text-type']
اخراج جنجالی ستاره دوومیدانی آمریکا از هواپیما,https://www.varzesh3.com/news/1866474/اخراج-جنجالی-ستاره-دوومیدانی-آمریکا-از-هواپیما,['text-type']
تیم توفارقان با مشکلات مالی دسته و پنجه نرم می کند,https://www.varzesh3.com/news/1866473/تیم-توفارقان-با-مشکلات-مالی-دسته-و-پنجه-نرم-می-کند,['text-type']
دو‌ جنگ تمام عیار با نقش‌آفرینی چهار مدعی قهرمانی,https://www.varzesh3.com/news/1866468/دو-جنگ-تمام-عیار-با-نقش-آفرینی-چهار-مدعی-قهرمانی,['text-type']
مرتضی قیاسی بهترین آزادکار  قهرمانی کشور شد,https://www.varzesh3.com/news/1866459/مرتضی-قیاسی-بهترین-آزادکار-قهرمانی-کشور-شد,['text-type']
وعده فدراسیون کشتی برای برخورد قاطع با متخلفین,https://www.varzesh3.com/news/1866458/وعده-فدراسیون-کشتی-برای-برخورد-قاطع-با-متخلفین,['text-type']
سرمربی تیم ملی کشتی نونهالان مشخص شد,https://www.varzesh3.com/news/1866457/سرمربی-تیم-ملی-کشتی-نونهالان-مشخص-شد,['text-type']
جزئیات درگیری خانواده یک کشتی‌گیر با مربی مازندرانی,https://www.varzesh3.com/news/1866451/جزئیات-درگیری-خانواده-یک-کشتی-گیر-با-مربی-مازندرانی,['text-type']
رهبری: شکل ماندن وویوویچ باید اصلاح شود,https://www.varzesh3.com/news/1866450/رهبری-شکل-ماندن-وویوویچ-باید-اصلاح-شود,['text-type']
بازسازی پیست اسکیت آزادی پس از ۱۰ سال,https://www.varzesh3.com/news/1866449/بازسازی-پیست-اسکیت-آزادی-پس-از-۱۰-سال,['text-type']
ساعی: سجادی دوست من است و ورزش را درک می‌کند,https://www.varzesh3.com/news/1866448/ساعی-سجادی-دوست-من-است-و-ورزش-را-درک-می-کند,['text-type']
محبی: کشتی من محصول مشترک 2 نفر بود,https://www.varzesh3.com/news/1866442/محبی-کشتی-من-محصول-مشترک-2-نفر-بود,['text-type']
۸ تیم راه‌یافته به پلی‌آف هندبال مشخص شدند,https://www.varzesh3.com/news/1866441/۸-تیم-راه-یافته-به-پلی-آف-هندبال-مشخص-شدند,['text-type']
رضایی: طاهری در مرحله بعد آماده خواهد آمد,https://www.varzesh3.com/news/1866440/رضایی-طاهری-در-مرحله-بعد-آماده-خواهد-آمد,['text-type']
بیست و چهارمی هندبال ایران در قهرمانی مردان جهان,https://www.varzesh3.com/news/1866430/بیست-و-چهارمی-هندبال-ایران-در-قهرمانی-مردان-جهان,['text-type']
خلاصه هندبال کرواسی 43 - بحرین 32,https://video.varzesh3.com/video/270644/خلاصه-هندبال-کرواسی-43-بحرین-32,['video-type']
پیروزی گرگانی‌ها در بازی بزرگ هفته بیستم لیگ بسکتبال,https://www.varzesh3.com/news/1866429/پیروزی-گرگانی-ها-در-بازی-بزرگ-هفته-بیستم-لیگ-بسکتبال,['text-type']
تقدیر وزیر ورزش از هانیه رستمیان,https://video.varzesh3.com/video/270641/تقدیر-وزیر-ورزش-از-هانیه-رستمیان,['video-type']
نتایج هفته بیستم لیگ برتر بسکتبال,https://www.varzesh3.com/news/1866422/نتایج-هفته-بیستم-لیگ-برتر-بسکتبال,['text-type']
حذف پینگ‌پنگ‌باز ایران از مسابقات قطر,https://www.varzesh3.com/news/1866403/حذف-پینگ-پنگ-باز-ایران-از-مسابقات-قطر,['text-type']
خلاصه بسکتبال دنور ناگتس - اوکلاهاما سیتی تاندر,https://video.varzesh3.com/video/270623/خلاصه-بسکتبال-دنور-ناگتس-اوکلاهاما-سیتی-تاندر,['video-type']
خلاصه بسکتبال دالاس ماوریکس - لس آنجلس کلیپرز,https://video.varzesh3.com/video/270622/خلاصه-بسکتبال-دالاس-ماوریکس-لس-آنجلس-کلیپرز,['video-type']
جدال چهار تیم برای قهرمانی در تکواندو بانوان,https://www.varzesh3.com/news/1866386/جدال-چهار-تیم-برای-قهرمانی-در-تکواندو-بانوان,['text-type']
گلایه قهرمان المپیک و سرمربی تیم ملی در حضور سجادی,https://www.varzesh3.com/news/1866380/گلایه-قهرمان-المپیک-و-سرمربی-تیم-ملی-در-حضور-سجادی,['text-type']
خلاصه بسکتبال تورنتو رپترز - نیویورک نیکس,https://video.varzesh3.com/video/270620/خلاصه-بسکتبال-تورنتو-رپترز-نیویورک-نیکس,['video-type']
دو جلسه محرومیت جریمه توهین به داور!,https://www.varzesh3.com/news/1866367/دو-جلسه-محرومیت-جریمه-توهین-به-داور,['text-type']
بی‌رقیب ترین تیم دنیا با یک آمار شگفت‌انگیز,https://www.varzesh3.com/news/1866365/بی-رقیب-ترین-تیم-دنیا-با-یک-آمار-شگفت-انگیز,['text-type']
پیروزی بر هولگر رون را تا پایان عمرم فراموش نمی‌کنم,https://www.varzesh3.com/news/1866362/پیروزی-بر-هولگر-رون-را-تا-پایان-عمرم-فراموش-نمی-کنم,['text-type']
پیروزی رعدآسای جوکوویچ در استرالیا,https://www.varzesh3.com/news/1866360/پیروزی-رعدآسای-جوکوویچ-در-استرالیا,['text-type']
خلاصه بسکتبال میامی هیت - نیو اورلینز پلیکانز,https://video.varzesh3.com/video/270621/خلاصه-بسکتبال-میامی-هیت-نیو-اورلینز-پلیکانز,['video-type']
اعضای  هیئت رئیسه فدراسیون گلف مشخص شد,https://www.varzesh3.com/news/1866342/اعضای-هیئت-رئیسه-فدراسیون-گلف-مشخص-شد,['text-type']
والیبال و‌ حادثه مرگبار دیگری که بخیر گذشت!,https://www.varzesh3.com/news/1866341/والیبال-و-حادثه-مرگبار-دیگری-که-بخیر-گذشت,['text-type']
همیلتون: مشکلی با فرستاپن ندارم,https://www.varzesh3.com/news/1866334/همیلتون-مشکلی-با-فرستاپن-ندارم,['text-type']
عطایی: اینجا هیچ تیمی حاشیه امنیت ندارد,https://www.varzesh3.com/news/1866331/عطایی-اینجا-هیچ-تیمی-حاشیه-امنیت-ندارد,['text-type']
خلاصه بسکتبال فینیکس سانز - ممفیس گریزلیز,https://video.varzesh3.com/video/270617/خلاصه-بسکتبال-فینیکس-سانز-ممفیس-گریزلیز,['video-type']
سردار: سریک را تشویق کنید و پنج میلیون بگیرید!,https://www.varzesh3.com/news/1866324/سردار-سریک-را-تشویق-کنید-و-پنج-میلیون-بگیرید,['text-type']
حمید عزیزی رییس فدراسیون گلف شد,https://www.varzesh3.com/news/1866323/حمید-عزیزی-رییس-فدراسیون-گلف-شد,['text-type']
حسن يزدانى، آماده براى شكست والنسيا(عكس),https://www.varzesh3.com/news/1866320/حسن-يزدانى-آماده-براى-شكست-والنسيا-عكس,['text-type']
مرگ صخره‌نورد همدانی هنگام صعود در ارتفاعات ایلام,https://www.varzesh3.com/news/1866318/مرگ-صخره-نورد-همدانی-هنگام-صعود-در-ارتفاعات-ایلام,['text-type']
خلاصه بسکتبال گلدن استیت واریرز - بروکلین نتس,https://video.varzesh3.com/video/270616/خلاصه-بسکتبال-گلدن-استیت-واریرز-بروکلین-نتس,['video-type']
کو به دنبال صندلی باخ در کمیته بین‌المللی المپیک,https://www.varzesh3.com/news/1866314/کو-به-دنبال-صندلی-باخ-در-کمیته-بین-المللی-المپیک,['text-type']
آغاز دور جدید اردوی تیم ملی تپانچه از امروز,https://www.varzesh3.com/news/1866312/آغاز-دور-جدید-اردوی-تیم-ملی-تپانچه-از-امروز,['text-type']
سه امتیاز بی‌دردسر در شب بی‌امتیازی معروف!,https://www.varzesh3.com/news/1866309/سه-امتیاز-بی-دردسر-در-شب-بی-امتیازی-معروف,['text-type']
حمله به سرمربی هندبال ایران: او به بازیکنش گفت بمیر!,https://www.varzesh3.com/news/1866301/حمله-به-سرمربی-هندبال-ایران-او-به-بازیکنش-گفت-بمیر,['text-type']
نقره و برنز هوپس جهان بر گردن پینگ پنگ بازان ایرانی,https://www.varzesh3.com/news/1866300/نقره-و-برنز-هوپس-جهان-بر-گردن-پینگ-پنگ-بازان-ایرانی,['text-type']
آماده‌ترین نسخه ستاره ایرانی در روسیه می‌درخشد,https://www.varzesh3.com/news/1866298/آماده-ترین-نسخه-ستاره-ایرانی-در-روسیه-می-درخشد,['text-type']
لیگ NBA| کامبک رویایی لیکرز مقابل پورتلند,https://www.varzesh3.com/news/1866297/لیگ-nba-کامبک-رویایی-لیکرز-مقابل-پورتلند,['text-type']
کامران قاسم‌پور تا 2023 در 92 کیلو گرم,https://www.varzesh3.com/news/1866295/کامران-قاسم-پور-تا-2023-در-92-کیلو-گرم,['text-type']
خلاصه بسکتبال لس آنجلس لیکرز - پورتلند تریل,https://video.varzesh3.com/video/270612/خلاصه-بسکتبال-لس-آنجلس-لیکرز-پورتلند-تریل,['video-type']
قهرمان شطرنج جهان به مسیر خود بازگشت,https://www.varzesh3.com/news/1866292/قهرمان-شطرنج-جهان-به-مسیر-خود-بازگشت,['text-type']
برگزاری مسابقات کشتی آزاد قهرمان کشوری جوانان ,https://www.varzesh3.com/news/1866288/برگزاری-مسابقات-کشتی-آزاد-قهرمان-کشوری-جوانان,['text-type']
اعزام ۳ رشته تکواندو، جودو و کشتی به مسابقات,https://www.varzesh3.com/news/1866286/اعزام-۳-رشته-تکواندو-جودو-و-کشتی-ناشنوایان-به-مسابقات,['text-type']
شهگل: تاتامی تاشکند برایم میدان بزرگی بود,https://www.varzesh3.com/news/1866285/شهگل-تاتامی-تاشکند-برایم-میدان-بزرگی-بود,['text-type']
هندبال قهرمانی جهان| نتایج روز دوازدهم مشخص شد,https://www.varzesh3.com/news/1866284/هندبال-قهرمانی-جهان-نتایج-روز-دوازدهم-مشخص-شد,['text-type']
ساره جوانمردی غایب بزرگ ایران در بازی‌های هانگژو,https://www.varzesh3.com/news/1866283/ساره-جوانمردی-غایب-بزرگ-ایران-در-بازی-های-هانگژو,['text-type']
شرایط سخت دونده نابینا برای شرکت در مسابقات,https://www.varzesh3.com/news/1866282/شرایط-سخت-دونده-نابینا-برای-شرکت-در-مسابقات,['text-type']
باخت مقصودلو در شب تساوی طباطبایی,https://www.varzesh3.com/news/1866267/باخت-مقصودلو-در-شب-تساوی-طباطبایی,['text-type']
سرمربی هندبال لهستان: از بازی مقابل ایران لذت بردیم,https://www.varzesh3.com/news/1866263/سرمربی-هندبال-لهستان-از-بازی-مقابل-ایران-لذت-بردیم,['text-type']
وویوویچ: عملکرد خوبی مقابل لهستان داشتیم,https://www.varzesh3.com/news/1866262/وویوویچ-عملکرد-خوبی-مقابل-لهستان-داشتیم,['text-type']
هندبال قهرمانی جهان| شکست ایران مقابل لهستان,https://www.varzesh3.com/news/1866261/هندبال-قهرمانی-جهان-شکست-ایران-مقابل-لهستان,['text-type']
دو نقره و برنز کاراته‌کارهای ایران در پاریس,https://www.varzesh3.com/news/1866260/دو-نقره-و-برنز-کاراته-کارهای-ایران-در-پاریس,['text-type']
شب تلخ میلاد و میلانو با قبول یک شکست سنگین ,https://www.varzesh3.com/news/1866248/شب-تلخ-میلاد-و-میلانو-با-قبول-یک-شکست-سنگین,['text-type']
خلاصه والیبال شهداب یزد 3 - راهیاب ملل مریوان 0,https://video.varzesh3.com/video/270584/خلاصه-والیبال-شهداب-یزد-3-راهیاب-ملل-مریوان-0,['video-type']
معرفی اولین صعودکننده به پلی‌‌آف لیگ برتر والیبال,https://www.varzesh3.com/news/1866225/معرفی-اولین-صعود-کننده-به-پلی-آف-لیگ-برتر-والیبال,['text-type']
لیگ برتر بسکتبال| آغاز هفته بیستم با پیروزی ذوب‌آهن,https://www.varzesh3.com/news/1866224/لیگ-برتر-بسکتبال-آغاز-هفته-بیستم-با-پیروزی-ذوب-آهن,['text-type']
دربی والیبال ایران و یک برنده غیرمنتظره ,https://www.varzesh3.com/news/1866222/دربی-والیبال-ایران-و-یک-برنده-غیرمنتظره,['text-type']
کاراته اوپن پاریس| مدال برنز به آباذری رسید,https://www.varzesh3.com/news/1866220/کاراته-اوپن-پاریس-مدال-برنز-به-آباذری-رسید,['text-type']
برگزاری مجمع عمومی سالیانه فدراسیون بسکتبال,https://video.varzesh3.com/video/270582/برگزاری-مجمع-عمومی-سالیانه-فدراسیون,['video-type']
پولادگر: پیگیر تحریف نام خلیج فارس خواهیم بود,https://www.varzesh3.com/news/1866219/پولادگر-پیگیر-تحریف-نام-خلیج-فارس-خواهیم-بود,['text-type']
برگزاری نوروزگاه در کیش قطعی شد,https://www.varzesh3.com/news/1866218/برگزاری-نوروزگاه-در-کیش-قطعی-شد,['text-type']
خلاصه والیبال سایپا 1 - نیان الکترونیک 3,https://video.varzesh3.com/video/270581/خلاصه-والیبال-سایپا-1-نیان-الکترونیک-3,['video-type']
شگفتی در لیگ فرانسه با نقش‌آفرینی ستاره‌ ایرانی,https://www.varzesh3.com/news/1866215/شگفتی-در-لیگ-فرانسه-با-نقش-آفرینی-ستاره-ایرانی,['text-type']
فرصت‌طلبی به سبک مدافع عنوان قهرمانی,https://www.varzesh3.com/news/1866212/فرصت-طلبی-به-سبک-مدافع-عنوان-قهرمانی,['text-type']
عطایی و تیمش بی‌خیال صدرنشینی نمی‌شوند,https://www.varzesh3.com/news/1866210/عطایی-و-تیمش-بی-خیال-صدرنشینی-نمی-شوند,['text-type']
آنلاین: ساعات واپسین نقل و انتقالات زمستانی,https://www.varzesh3.com/news/1866732/آخرین-تحولات-و-تحرکات-بازار-زمستانی-ایران,['text-type']
رسمی: تمدید قرارداد بلندمدت ستاره جوان لیورپول,https://www.varzesh3.com/news/1866928/رسمی-تمدید-قرارداد-بلندمدت-ستاره-جوان-لیورپول,['text-type']
خیز رضاییان برای عنوان موثرترین بازیکن لیگ!,https://www.varzesh3.com/news/1866927/خیز-رضاییان-برای-عنوان-موثرترین-بازیکن-لیگ,['text-type']
کارشناسی دقیق داوری مهدی سیدعلی ( استقلال - ملوان),https://video.varzesh3.com/video/270869/کارشناسی-دقیق-داوری-مهدی-سیدعلی-استقلال-ملوان,['video-type']
فوری: سیاوش یزدانی در آستانه فسخ قرارداد,https://www.varzesh3.com/news/1866925/فوری-سیاوش-یزدانی-در-آستانه-فسخ-قرارداد,['text-type']
وخهورست: قرضی نه، می‌خواهم در منچستر بمانم,https://www.varzesh3.com/news/1866926/وخهورست-قرضی-نه-می-خواهم-در-منچستر-بمانم,['text-type']
تارتار: باید سه امتیاز را از تراکتور بگیریم,https://www.varzesh3.com/news/1866924/تارتار-باید-سه-امتیاز-را-از-تراکتور-بگیریم,['text-type']
تقی‌پور: با اتفاقات داوری‌ امروز، نگران بازی بعد هستم,https://www.varzesh3.com/news/1866923/تقی-پور-با-اتفاقات-داوری-امروز-نگران-بازی-بعد-هستم,['text-type']
نصرتی: تراکتور از داوری متضرر شده است‌,https://www.varzesh3.com/news/1866921/نصرتی-تراکتور-از-داوری-متضرر-شده-است,['text-type']
اسطوره چلسی هواداران آرسنال را از قهرمانی ناامید کرد,https://www.varzesh3.com/news/1866922/اسطوره-چلسی-هواداران-آرسنال-را-از-قهرمانی-ناامید-کرد,['text-type']
تارتار: کار کردن با کادر ما خیلی سخت است,https://video.varzesh3.com/video/270866/تارتار-کار-کردن-با-کادر-ما-خیلی-سخت-است,['video-type']
فوری: لئاندرو پریرا به پرسپوليس پیوست,https://www.varzesh3.com/news/1866920/فوری-لئورناردو-پریرا-به-پرسپوليس-پیوست,['text-type']
 تاوارس: تيم از اول شرايط خوبي نداشته,https://video.varzesh3.com/video/270864/تاوارس-تيم-از-اول-شرايط-خوبي-نداشته,['video-type']
درخواست ویژه خسرو حیدری از هواداران استقلال,https://www.varzesh3.com/news/1866918/درخواست-ویژه-خسروی-حیدری-از-هواداران-استقلال,['text-type']
اگر تماشاگران نباشند بازی ها مانند دیدار تدارکاتی است,https://video.varzesh3.com/video/270863/اگر-تماشاگران-نباشند-بازی-ها-مانند-دیدار-تدارکاتی-است,['video-type']
مهیار زحمتکش به مس کرمان پیوست,https://www.varzesh3.com/news/1866915/مهیار-زحمتکش-به-مس-کرمان-پیوست,['text-type']
سرآسیایی: قلعه‌نویی شب و روز به قهرمانی فکر می‌کند,https://www.varzesh3.com/news/1866914/سرآسیایی-قلعه-نویی-شب-و-روز-به-قهرمانی-فکر-می-کند,['text-type']
قایدی: از جدایی یزدانی ناراحت شدیم,https://www.varzesh3.com/news/1866913/قایدی-از-جدایی-یزدانی-ناراحت-شدیم,['text-type']
مطهری: فقط یک اشتباه داشتیم و تنبیه شدیم,https://video.varzesh3.com/video/270862/مطهری-فقط-یک-اشتباه-داشتیم-و-تنبیه-شدیم,['video-type']
مدیر برنامه مک‌تامینی یک دروغگو است,https://www.varzesh3.com/news/1866919/مدیربرنامه-مک-تامینی-یک-دروغگو-است,['text-type']
جلالی: باخت به سپاهان فراموش شد,https://www.varzesh3.com/news/1866911/جلالی-باخت-به-سپاهان-فراموش-شد,['text-type']
دو خرید و یک امید در جمع شاگردان رحمتی(عکس),https://www.varzesh3.com/news/1866910/دو-خرید-و-یک-امید-در-جمع-شاگردان-رحمتی-عکس,['text-type']
واکنش شهباززاده به شایعات جدایی از استقلال,https://www.varzesh3.com/news/1866909/واکنش-شهباززاده-به-شایعات-جدایی-از-استقلال,['text-type']
سرآسیایی: قلعه‌نویی با فکر قهرمانی زندگی می‌کند,https://video.varzesh3.com/video/270861/سرآسیایی-قلعه-نویی-با-فکر-قهرمانی-زندگی-می-کند,['video-type']
میرزایی: من اصلا اهل دعوا کردن نیستم!,https://www.varzesh3.com/news/1866908/میرزایی-من-اصلا-اهل-دعوا-کردن-نیستم,['text-type']
ساپینتو: تلاش میکنیم مصدومان را برسانیم,https://video.varzesh3.com/video/270858/تلاش-میکنیم-مصدومان-را-برسانیم,['video-type']
بیانیه شدیداللحن رئال مادرید درباره حمله به وینیسیوس,https://www.varzesh3.com/news/1866907/بیانیه-شدیداللحن-رئال-مادرید-درباره-حمله-به-وینیسیوس,['text-type']
توضیح محبی در خصوص مصدومیتش مقابل ملوان,https://www.varzesh3.com/news/1866906/توضیح-محبی-در-خصوص-مصدومیتش-مقابل-ملوان,['text-type']
می‌خواستیم با ورود تماشاگران جشن پیروزی بگیریم,https://video.varzesh3.com/video/270857/می-خواستیم-با-ورود-تماشاگران-جشن-پیروزی-بگیریم,['video-type']
واکنش تند آگوئرو: زلاتان نگران کشور خودش باشد,https://www.varzesh3.com/news/1866905/واکنش-تند-آگوئرو-زلاتان-نگران-کشور-خودش-باشد,['text-type']
مطهری: گلایه ندارم اما توان رقابت نداریم,https://www.varzesh3.com/news/1866904/مطهری-گلایه-ندارم-اما-توان-رقابت-نداریم,['text-type']
احمدزاده: ناراحتی‌ام چیز خاصی نبود,https://video.varzesh3.com/video/270853/احمدزاده-ناراحتی-ام-چیز-خاصی-نبود,['video-type']
رضاوند: با کمک آمپول توانستم امروز بازی کنم,https://www.varzesh3.com/news/1866903/رضاوند-با-کمک-آمپول-توانستم-امروز-بازی-کنم,['text-type']
نیازمند: فوتبال ما نیاز به این اتفاق داشت,https://www.varzesh3.com/news/1866901/نیازمند-فوتبال-ما-نیاز-به-این-اتفاق-داشت,['text-type']
گواردیولا: بارسا بخواهد می‌روم، آنجا باشگاه من است,https://www.varzesh3.com/news/1866902/گواردیولا-بارسا-بخواهد-می-روم-آنجا-باشگاه-من-است,['text-type']
مهری: اخبار و انتقادات را می‌خوانم و استفاده می‌کنم,https://www.varzesh3.com/news/1866900/مهری-اخبار-و-انتقادات-را-می-خوانم-و-استفاده-می-کنم,['text-type']
نیازمند: واقعا برد سختی به دست آوردیم,https://video.varzesh3.com/video/270850/نیازمند-واقعا-برد-سختی-به-دست-آوردیم,['video-type']
داوران: خیلی خوب بودیم اما باختیم!,https://video.varzesh3.com/video/270848/داوران-خیلی-خوب-بودیم-اما-باختیم,['video-type']
احمدزاده: سپاهان از این هم بهتر می‌شود,https://www.varzesh3.com/news/1866899/احمدزاده-سپاهان-از-این-هم-بهتر-می-شود,['text-type']
انتقاد سرپرست نساجی از توهین‌ها به علی شجاعی,https://video.varzesh3.com/video/270845/انتقاد-سرپرست-نساجی-از-توهین-ها-به-علی-شجاعی,['video-type']
رسوایی یووه در یک‌قدمی رونالدو: احتمال یک ماه تعلیق ,https://www.varzesh3.com/news/1866898/رسوایی-یووه-در-یک-قدمی-رونالدو-احتمال-1-ماه-تعلیق,['text-type']
کریمی: سپاهان همیشه قهرمانی می‌خواهد,https://www.varzesh3.com/news/1866897/کریمی-سپاهان-همیشه-قهرمانی-می-خواهد,['text-type']
کریمی: به این دلیل بازی با کیفیت نشد,https://video.varzesh3.com/video/270844/کریمی-به-این-دلیل-بازی-با-کیفیت-نشد,['video-type']
نورافکن: می‌توانستیم با سه اختلاف برنده شویم,https://www.varzesh3.com/news/1866895/نورافکن-می-توانستیم-با-سه-اختلاف-برنده-شویم,['text-type']
تراکتوری سابق و امضای قرارداد با سایپا,https://www.varzesh3.com/news/1866896/تراکتوری-سابق-و-امضای-قرارداد-با-سایپا,['text-type']
دروازه بان پیکان به نفت مسجدسلیمان پیوست,https://www.varzesh3.com/news/1866894/دروازه-بان-پیکان-به-نفت-مسجدسلیمان-پیوست,['text-type']
واکنش چشمی به پیشنهاد اماراتی: چاکر شما هستم,https://video.varzesh3.com/video/270842/واکنش-چشمی-به-پیشنهاد-اماراتی-چاکر-شما-هستم,['video-type']
مهری: بله، فکر می‌کردیم ۴ گل بزنیم,https://video.varzesh3.com/video/270840/مهری-بله-فکر-می-کردیم-۴-گل-بزنیم,['video-type']
واکنش قایدی به شایعه دلخوری از ساپینتو,https://video.varzesh3.com/video/270841/واکنش-قایدی-به-شایعه-دلخوری-از-ساپینتو,['video-type']
نشست خبری عنایتی پیش از دیدار با هوادار,https://video.varzesh3.com/video/270839/نشست-خبری-عنایتی-پیش-از-دیدار-با-هوادار,['video-type']
شهباززاده: خیلی ساده است، در استقلال می‌مانم,https://video.varzesh3.com/video/270837/شهباززاده-خیلی-ساده-است-در-استقلال-می-مانم,['video-type']
حیدری: امروز ساپینتو من را گرفت تا اعتراض نکنم,https://video.varzesh3.com/video/270836/حیدری-امروز-ساپینتو-من-را-گرفت-تا-اعتراض-نکنم,['video-type']
بارانی: مقصر اول این باخت خود من هستم!,https://video.varzesh3.com/video/270835/بارانی-مقصر-اول-این-باخت-خود-من-هستم,['video-type']
مورایس: من فرازمینی نیستم که قهرمان را پیش‌بینی کنم,https://www.varzesh3.com/news/1866893/مورایس-شاید-تا-12-شب-اتفاقاتی-رخ-دهد,['text-type']
جلالی: مهم این بود بعد باخت سپاهان برگردیم,https://video.varzesh3.com/video/270833/جلالی-مهم-این-بود-بعد-باخت-سپاهان-برگردیم,['video-type']
محبی: گرفتگی دارم، به بازی بعد می‌رسم,https://video.varzesh3.com/video/270832/محبی-گرفتگی-دارم-به-بازی-بعد-می-رسم,['video-type']
استقبال ویژه مورایس از سیاوش یزدانی در سپاهان!,https://www.varzesh3.com/news/1866892/استقبال-ویژه-مورایس-از-سیاوش-یزدانی-در-سپاهان,['text-type']
برخورد عجیب هواداران نساجی با پرسپولیسیِ سابق!,https://www.varzesh3.com/news/1866891/برخورد-عجیب-هواداران-نساجی-با-پرسپولیسیِ-سابق,['text-type']
ساپینتو: نمی‌دانم چرا داور کارت قرمز نداد,https://www.varzesh3.com/news/1866885/ساپینتو-نمی-دانم-چرا-داور-کارت-قرمز-نداد,['text-type']
زارع: آخر داوری‌ات است، انتقاد نمی‌کنم!,https://www.varzesh3.com/news/1866884/زارع-آخر-داوری-ات-است-انتقاد-نمی-کنم,['text-type']
زارع: تمرکز نداشته باشیم، تنبیه می‌شویم,https://video.varzesh3.com/video/270830/زارع-تمرکز-نداشته-باشیم-تنبیه-می-شویم,['video-type']
نساجی صفر - سپاهان یک: امید ببر افکن!,https://www.varzesh3.com/news/1866861/گزارش-زنده-نساجی-سپاهان,['text-type']
حسینی: وقت آن است خودمان را در جدول بالا بکشیم,https://www.varzesh3.com/news/1866888/حسینی-وقت-آن-است-خودمان-را-در-جدول-بالا-بکشیم,['text-type']
روزهای سخت باشگاه‌های ایتالیا: بازرسی از دفتر میلان,https://www.varzesh3.com/news/1866887/روزهای-سخت-باشگاه-های-ایتالیا-بازرسی-از-دفتر-میلان,['text-type']
فرزاد و مس به دنبال دبل برابر پیکان,https://www.varzesh3.com/news/1866886/فرزاد-و-مس-به-دنبال-دبل-برابر-پیکان,['text-type']
سعید صادقی بازی با فولاد را از دست داد,https://www.varzesh3.com/news/1866883/سعید-صادقی-بازی-با-فولاد-را-از-دست-داد,['text-type']
امباپه و زبان فرانسه: موانع کاپیتانی مسی در پی‌اس‌جی,https://www.varzesh3.com/news/1866882/امباپه-و-زبان-فرانسه-موانع-کاپیتانی-مسی-در-پی-اس-جی,['text-type']
استقلال 4 - ملوان 0: دلچسب، پر گل و ضد شایعات,https://www.varzesh3.com/news/1866863/گزارش-زنده-استقلال-ملوان,['text-type']
تونل گل‌گهری برای حسینی در اولین جلسه تمرینی,https://video.varzesh3.com/video/270829/تونل-گل-گهری-برای-حسینی-در-اولین-جلسه-تمرینی,['video-type']
خلاصه بازی نساجی مازندران 0 - سپاهان 1,https://video.varzesh3.com/video/270828/خلاصه-بازی-نساجی-مازندران-0-سپاهان-1,['video-type']
خلاصه بازی استقلال 4 - ملوان 0 (گزارش اختصاصی),https://video.varzesh3.com/video/270827/خلاصه-بازی-استقلال-4-ملوان-0-گزارش-اختصاصی,['video-type']
برنامه ویژه رئال برای حمایت از وینی: تشویق در دقیقه 20,https://www.varzesh3.com/news/1866880/برنامه-ویژه-رئال-برای-حمایت-از-وینی-تشویق-در-دقیقه-20,['text-type']
سوگیتا به فولاد خوزستان پیوست (عکس),https://www.varzesh3.com/news/1866879/سوگیتا-به-فولاد-خوزستان-پیوست-عکس,['text-type']
گل چهارم استقلال به ملوان توسط روزبه چشمی,https://video.varzesh3.com/video/270826/گل-چهارم-استقلال-به-ملوان-توسط-روزبه-چشمی,['video-type']
یک دروازه‌بان از پیکان جدا می‌شود,https://www.varzesh3.com/news/1866878/کدام-دروازه-بان-از-پیکان-جدا-می-شود,['text-type']
گل سوم استقلال به ملوان توسط ارسلان مطهری,https://video.varzesh3.com/video/270825/گل-سوم-استقلال-به-ملوان-توسط-ارسلان-مطهری,['video-type']
دلتنگی عجیب سرمربی نفت: خوشحالم برف دیدم!,https://www.varzesh3.com/news/1866877/دلتنگی-عجیب-سرمربی-نفت-خوشحالم-برف-دیدم,['text-type']
بهترین گلزن استقلال به یک قدمی لوکادیا رسید,https://www.varzesh3.com/news/1866874/بهترین-گلزن-استقلال-به-یک-قدمی-لوکادیا-رسید,['text-type']
ادعا در آمریکا: لواندوفسکی می‌خواهد به MLS بیاید,https://www.varzesh3.com/news/1866875/ادعا-در-آمریکا-لواندوفسکی-می-خواهد-به-mls-بیاید,['text-type']
نجات دروازه استقلال توسط روزبه چشمی,https://video.varzesh3.com/video/270824/نجات-دروازه-استقلال-توسط-روزبه-چشمی,['video-type']
عنایتی: شاید فردا جای نفت تیم دیگری را کُچ کنم!,https://www.varzesh3.com/news/1866873/عنایتی-شاید-فردا-جای-نفت-تیم-دیگری-را-کُچ-کنم,['text-type']
آخرین هدف آقای خاص: بازگشت به UCL با جالوروسی,https://www.varzesh3.com/news/1866872/آخرین-هدف-آقای-خاص-بازگشت-به-ucl-با-جالوروسی,['text-type']
قلعه‌نویی به ستاره مورد علاقه‌اش رسید (عکس),https://www.varzesh3.com/news/1866869/قلعه-نویی-به-ستاره-مورد-علاقه-اش-رسید-عکس,['text-type']
اخراج به سود استقلال از بیخ تکذیب شد! (کارشناسی),https://www.varzesh3.com/news/1866870/اخراج-به-سود-استقلال-از-بیخ-تکذیب-شد-کارشناسی,['text-type']
رسمی/ رشید مظاهری به پیکان پیوست,https://www.varzesh3.com/news/1866867/رسمی-رشید-مظاهری-به-پیکان-پیوست,['text-type']
خطای مشکوک بازیکن ملوان بر روی سعید مهری,https://video.varzesh3.com/video/270822/خطای-مشکوک-بازیکن-ملوان-بر-روی-سعید-مهری,['video-type']
جبرئیل سیسه: می‌خواهم برگردم، مجانی بازی می‌کنم!,https://www.varzesh3.com/news/1866866/جبرائیل-سیسه-می-خواهم-برگردم-مجانی-بازی-می-کنم,['text-type']
خطای بازیکن ملوان بر روی مطهری در موقعیت تک به تک,https://video.varzesh3.com/video/270821/خطای-بازیکن-ملوان-بر-روی-ارسلان-مطهری-در-موقعیت-تک-به-تک,['video-type']
گل دوم استقلال به ملوان توسط محمد محبی,https://video.varzesh3.com/video/270820/گل-دوم-استقلال-به-ملوان-توسط-محمد-محبی,['video-type']
گل اول استقلال به ملوان (گل به خودی پدرام قاضی پور),https://video.varzesh3.com/video/270819/گل-اول-استقلال-به-ملوان-گل-به-خودی-پدرام-قاضی-پور,['video-type']
هافبک مس رفسنجان به پیکان پیوست(عکس),https://www.varzesh3.com/news/1866865/هافبک-مس-رفسنجان-به-پیکان-پیوست-عکس,['text-type']
جنجال یک اخراج در کوپا دل‌ری: VAR به نفع بارسا است!,https://www.varzesh3.com/news/1866864/جنجال-یک-اخراج-در-کوپا-دل-ری-var-به-نفع-بارسا-است,['text-type']
گرم کردن علیرضا رضایی پیش از دیدار مقابل ملوان,https://video.varzesh3.com/video/270810/گرم-کردن-علیرضا-رضایی-پیش-از-دیدار-مقابل-ملوان,['video-type']
تنش در مادرید: طناب اتلتی‌ها به گردن وینیسیوس!,https://www.varzesh3.com/news/1866862/اوج-تنش-در-مادرید-طناب-دار-اتلتی-ها-به-گردن-وینیسیوس,['text-type']
گرم کردن بازیکنان استقلال لحظاتی پیش از دیدار با ملوان,https://video.varzesh3.com/video/270811/گرم-کردن-بازیکنان-استقلال-لحظاتی-پیش-از-دیدار-مقابل-ملوان,['video-type']
تقدیر سپاهان از هواداران نساجی با گل (عکس),https://www.varzesh3.com/news/1866860/تقدیر-سپاهان-از-هواداران-نساجی-با-گل-عکس,['text-type']
گرم کردن بازیکنان ملوان پیش از دیدار برابر استقلال,https://video.varzesh3.com/video/270808/گرم-کردن-بازیکنان-ملوان-پیش-از-دیدار-برابر-استقلال,['video-type']
ترکیب سپاهان برای تقابل با نساجی اعلام شد,https://www.varzesh3.com/news/1866857/ترکیب-سپاهان-برای-تقابل-با-نساجی-اعلام-شد,['text-type']
تعطیلات دوباره مسی: با خانواده در کوه‌های آلپ (عکس),https://www.varzesh3.com/news/1866856/تعطیلات-دوباره-مسی-با-خانواده-در-کوه-های-آلپ-عکس,['text-type']
11 مرد منتخب مازیار زارع برای بازی با استقلال,https://www.varzesh3.com/news/1866855/11-مرد-منتخب-مازیار-زارع-برای-بازی-با-استقلال,['text-type']
ترکیب استقلال برابر ملوان اعلام شد,https://www.varzesh3.com/news/1866854/ترکیب-استقلال-برابر-ملوان-اعلام-شد,['text-type']
پنجه ببر و چالش اعتمادسازی در یحیی (عکس),https://www.varzesh3.com/news/1866853/پنجه-ببر-و-چالش-اعتمادسازی-در-یحیی-عکس,['text-type']
سیدحسین، استقلال را تنها نگذاشت (عکس),https://www.varzesh3.com/news/1866852/سیدحسین-استقلال-را-تنها-نگذاشت-عکس,['text-type']
از حضور تماشاگران در ورزشگاه لذت می بریم,https://video.varzesh3.com/video/270805/از-حضور-تماشاگران-در-ورزشگاه-لذت-می-بریم,['video-type']
ردپای مربی استقلال در پیروزی خانگی برابر ملوان,https://www.varzesh3.com/news/1866849/ردپای-مربی-استقلال-در-پیروزی-خانگی-برابر-ملوان,['text-type']
خلاصه بازی چوکا تالش 2 - آرمان گهر 0,https://video.varzesh3.com/video/270804/خلاصه-بازی-چوکا-تالش-2-آرمان-گهر-0,['video-type']
تن‌هاخ: نمایش رشفورد دیوانه‌کننده و غیرقابل‌مهار است,https://www.varzesh3.com/news/1866848/تن-هاخ-نمایش-رشفورد-دیوانه-کننده-و-غیرقابل-مهار-است,['text-type']
ورود تیم استقلال به ورزشگاه آزادی پیش از دیدار با ملوان,https://video.varzesh3.com/video/270803/ورود-استقلال-به-ورزشگاه-آزادی-پیش-از-دیدار-با-ملوان,['video-type']
ورود تیم ملوان به ورزشگاه آزادی پیش از دیدار با استقلال,https://video.varzesh3.com/video/270802/ورود-تیم-ملوان-به-ورزشگاه-آزادی-پیش-از-دیدار-با-استقلال,['video-type']
یواخیم لوو و پوچتینو گزینه‌های جدی هدایت بلژیک,https://www.varzesh3.com/news/1866845/یواخیم-لوو-و-پوچتینو-گزینه-های-جدی-هدایت-بلژیک,['text-type']
ران تونگییک به مس کرمان پیوست (عکس),https://www.varzesh3.com/news/1866844/ران-تونگییک-به-مس-کرمان-پیوست-عکس,['text-type']
تمدید قرارداد بهترین بازی‌ساز لیگ برتر با تیم تراکتور,https://video.varzesh3.com/video/270800/تمدید-قرارداد-بهترین-بازیساز-لیگ-برتر-با-تیم-تراکتور,['video-type']
داستان زیدان و رئال تمام نشده: علاقه زیزو به بازگشت!,https://www.varzesh3.com/news/1866843/داستان-زیدان-و-رئال-تمام-نشده-علاقه-زیزو-به-بازگشت,['text-type']
عزم مانه برای بازگشت: هدف بازی با PSG است,https://www.varzesh3.com/news/1866842/عزم-مانه-برای-بازگشت-هدف-بازی-با-psg-است,['text-type']
استقلال و ملوان پس از 2730 روز در آزادی!,https://www.varzesh3.com/news/1866841/استقلال-و-ملوان-پس-از-2730-روز-در-آزادی,['text-type']
چراغ سبز به مادرید: پنج رئالی در تیم بلینگام!,https://www.varzesh3.com/news/1866840/چشمک-به-مادرید-پنج-رئالی-در-ترکیب-منتخب-بلینگام,['text-type']
غیرمنتظره: رشید در آستانه پیوستن به پیکان!,https://www.varzesh3.com/news/1866839/غیرمنتظره-رشید-در-آستانه-پیوستن-به-پیکان,['text-type']
نفت MIS - هوادار با حضور رایگان تماشاگران,https://www.varzesh3.com/news/1866838/نفت-mis-هوادار-با-حضور-رایگان-تماشاگران,['text-type']
درخواست امباپه از پی‌اس‌جی: ستاره سیتی را بخرید,https://www.varzesh3.com/news/1866836/درخواست-امباپه-از-پی-اس-جی-ستاره-سیتی-را-بخرید,['text-type']
مخالفت استقلال و ساپینتو با جدایی یک بازیکن,https://www.varzesh3.com/news/1866834/مخالفت-استقلال-و-ساپینتو-با-جدایی-یک-بازیکن,['text-type']
خشم بایرن از گنابری: نباید به هفته مد پاریس می‌رفتی!,https://www.varzesh3.com/news/1866835/خشم-بایرن-از-گنابری-نباید-به-هفته-مد-پاریس-می-رفتی,['text-type']
بازگشت پریشیچ به ایتالیا برای حضور در دادگاه ایکاردی,https://www.varzesh3.com/news/1866833/بازگشت-پریشیچ-به-ایتالیا-برای-حضور-در-دادگاه-ایکاردی,['text-type']
سرمربی ذوب‌آهن جریمه مالی شد,https://www.varzesh3.com/news/1866832/سرمربی-ذوب-آهن-جریمه-مالی-شد,['text-type']
یک استقلالی سرمربی جدید آریوی اسلامشهر (عکس) ,https://www.varzesh3.com/news/1866830/یک-استقلالی-سرمربی-جدید-آریوی-اسلامشهر-عکس,['text-type']
یک اتفاق عجیب: این بار یک داور ایرانی رباط داد!,https://www.varzesh3.com/news/1866831/یک-اتفاق-عجیب-این-بار-یک-داور-ایرانی-رباط-داد,['text-type']
آرتتا: رقابت با گواردیولا برای قهرمانی رویایم بود,https://www.varzesh3.com/news/1866828/آرتتا-رقابت-با-گواردیولا-برای-قهرمانی-رویایم-بود,['text-type']
دنیا به کمک رشفورد آمده تا برای یونایتد بدرخشد,https://www.varzesh3.com/news/1866826/دنیا-به-کمک-رشفورد-آمده-تا-برای-یونایتد-بدرخشد,['text-type']
ترکیب احتمالی استقلال برابر ملوان با چند تغییر,https://www.varzesh3.com/news/1866822/ترکیب-احتمالی-استقلال-برابر-ملوان-با-چند-تغییر,['text-type']
دردسر جدید بارسا: جایی برای گاوی نیست!,https://www.varzesh3.com/news/1866824/دردسر-جدید-بارسا-جایی-برای-گاوی-نیست,['text-type']
چالش ضربات ایستگاهی در تمرینات رئال مادرید,https://video.varzesh3.com/video/270792/چالش-ضربات-ایستگاهی-در-تمرینات-رئال-مادرید,['video-type']
صعود هالیوودی در انتظار باشگاه سوپراستار آمریکایی!,https://www.varzesh3.com/news/1866820/صعود-هالیوودی-در-انتظار-باشگاه-سوپراستار-آمریکایی,['text-type']
علیه دنی آلوز توطئه کردند و او در تله افتاد!,https://www.varzesh3.com/news/1866816/علیه-دنی-آلوز-توطئه-کردند-و-او-در-تله-افتاد,['text-type']
سپاهان - نساجی با حضور یک ستاره خاص!,https://www.varzesh3.com/news/1866812/سپاهان-نساجی-با-حضور-یک-ستاره-خاص,['text-type']
ژاوی: نباید به زدن یک گل راضی باشیم,https://www.varzesh3.com/news/1866811/ژاوی-نباید-به-زدن-یک-گل-راضی-باشیم,['text-type']
حادثه برای هواداران یونایتد بعد از گل برونو (عکس),https://www.varzesh3.com/news/1866805/حادثه-روی-سکوها-بعد-از-گل-فرناندز-عکس,['text-type']
هاله ای از قهرمانی بر سر توپچی های لندن,https://www.varzesh3.com/news/1866802/هاله-ای-از-قهرمانی-بر-سر-توپچی-های-لندن,['text-type']
اعتراف و هشدار تن‌هاخ بعد از برد یونایتد,https://www.varzesh3.com/news/1866807/اعتراف-و-هشدار-تن-هاخ-بعد-از-برد-یونایتد,['text-type']
یاغی مورد علاقه ژاوی با این گل ترند توئیتر شد,https://www.varzesh3.com/news/1866806/یاغی-مورد-علاقه-ژاوی-با-این-گل-ترند-توئیتر-شد,['text-type']
پورموسوی: صفایی بود کمک جرات نداشت پرچم بزند,https://www.varzesh3.com/news/1866801/پورموسوی-صفایی-بود-کمک-جرات-نداشت-پرچم-بزند,['text-type']
هاشمی‌نژاد: حق تراکتور بیشتر از این‌هاست,https://www.varzesh3.com/news/1866800/هاشمی-نژاد-حق-تراکتور-بیشتر-از-این-هاست,['text-type']
مهدوی:آماده رویارویی با رونالدو هستیم,https://www.varzesh3.com/news/1866804/مهدوی-آماده-رویارویی-با-رونالدو-هستیم,['text-type']
قربانی: این مربی به درد لای جرز می‌خورد,https://www.varzesh3.com/news/1866803/قربانی-این-مربی-به-درد-لای-جرز-می-خورد,['text-type']
فولاد، یک گره بزرگ در راه قهرمانی پرسپولیس,https://www.varzesh3.com/news/1866799/فولاد-یک-گره-بزرگ-در-راه-قهرمانی-پرسپولیس,['text-type']
رقیب خسرو از رنگ آبی جدا نمی‌شود‌(عکس),https://www.varzesh3.com/news/1866796/رقیب-خسرو-از-رنگ-آبی-جدا-نمی-شود-عکس,['text-type']
پادشاه استانبول، یک مهاجم مصری است!,https://www.varzesh3.com/news/1866798/پادشاه-استانبول-یک-مهاجم-مصری-است,['text-type']
محرومیت سروش رفیعی از بازی خاص,https://www.varzesh3.com/news/1866797/محرومیت-سروش-رفیعی-از-بازی-خاص,['text-type']
فارست ۰-۳ یونایتد: تن‌هاخ در یک قدمی اولین فینال,https://www.varzesh3.com/news/1866794/فارست-۰-۳-یونایتد-تن-هاخ-در-یک-قدمی-اولین-فینال,['text-type']
دو‌ پرچم علیه درخشش بیشتر سردار در ۲۰ دقیقه,https://www.varzesh3.com/news/1866793/دو-پرچم-علیه-درخشش-بیشتر-سردار-در-۲۰-دقیقه,['text-type']
خلاصه بازی ناتینگهام فارست 0 - منچستریونایتد 3,https://video.varzesh3.com/video/270782/خلاصه-بازی-ناتینگهام-فارست-0-منچستریونایتد-3,['video-type']
بارسا ۱-۰ سوسیداد: پیروزی دشوار مقابل تیم ۱۰ نفره,https://www.varzesh3.com/news/1866792/بارسا-۱-۰-سوسیداد-پیروزی-دشوار-مقابل-تیم-۱۰-نفره,['text-type']
خلاصه بازی بارسلونا 1 - رئال‌سوسیداد 0,https://video.varzesh3.com/video/270781/خلاصه-بازی-بارسلونا-1-رئال-سوسیداد-0,['video-type']
خلاصه بازی پورتو 3 - آکادمیکو ویسئو 0,https://video.varzesh3.com/video/270779/خلاصه-بازی-پورتو-3-آکادمیکو-ویسئو-0,['video-type']
خلاصه بازی بایرلورکوزن 2 - بوخوم 0,https://video.varzesh3.com/video/270778/خلاصه-بازی-بایرلورکوزن-2-بوخوم-0,['video-type']
گل اول بارسلونا به سوسیداد (دمبله),https://video.varzesh3.com/video/270777/گل-اول-بارسلونا-به-سوسیداد-دمبله,['video-type']
برائیس مندس، اخراجی پرحاشیه بازی بارسا-سوسیداد,https://www.varzesh3.com/news/1866790/برائیس-مندس-اخراجی-پرحاشیه-بازی-بارسا-سوسیداد,['text-type']
اولین گل جانشین رونالدو در یونایتد (عکس),https://www.varzesh3.com/news/1866789/اولین-گل-جانشین-رونالدو-در-یونایتد-عکس,['text-type']
اولین گل وخهورست برای منچستریونایتد مقابل ناتینگهام,https://video.varzesh3.com/video/270776/اولین-گل-وخهورست-برای-منچستریونایتد-مقابل-ناتینگهام,['video-type']
آماده‌ترین مهاجم حال حاضر دنیا: اینجا در یونایتد,https://www.varzesh3.com/news/1866788/آماده-ترین-مهاجم-حال-حاضر-دنیا-اینجا-در-یونایتد,['text-type']
پوستر باشگاه سپاهان برای آخرین جدا شده (عکس) ,https://www.varzesh3.com/news/1866787/پوستر-باشگاه-سپاهان-برای-آخرین-جدا-شده-عکس,['text-type']
نه به سیاوش رضایت می‌دهند نه می‌گویند بمان,https://www.varzesh3.com/news/1866786/نه-به-سیاوش-رضایت-می-دهند-نه-می-گویند-بمان,['text-type']
تمجیدها از مجیدی: او از بهترین مربیان امارات است,https://www.varzesh3.com/news/1866785/تمجیدها-از-مجیدی-او-از-بهترین-مربیان-امارات-است,['text-type']
گل مردود بارسلونا مقابل سوسیداد,https://video.varzesh3.com/video/270775/گل-مردود-بارسلونا-مقابل-سوسیداد,['video-type']
ماینتس 1-2 دورتموند: رینا، ستاره این روزهای زردها,https://www.varzesh3.com/news/1866784/ماینتس-1-2-دورتموند-رینا-ستاره-این-روزهای-زردها,['text-type']
فوری: شاه‌مهره نقل و انتقالات ۳ساله تمدید کرد,https://www.varzesh3.com/news/1866783/فوری-شاه-مهره-نقل-و-انتقالات-۳-ساله-تمدید-کرد,['text-type']
خلاصه بازی ماینتس 1 - دورتموند 2,https://video.varzesh3.com/video/270773/خلاصه-بازی-ماینتس-1-دورتموند-2,['video-type']
امکان فرصت به خریداران سرخابی ها وجود دارد,https://video.varzesh3.com/video/270772/امکان-فرصت-به-خریداران-سرخابی-ها-وجود-دارد,['video-type']
فتح‌الله‌زاده به دیدار ساپینتو و شاگردانش رفت,https://www.varzesh3.com/news/1866782/فتح-الله-زاده-به-دیدار-ساپینتو-و-شاگردانش-رفت,['text-type']
راه حل قربانزاده برای افزایش سهام سرخابی ها,https://video.varzesh3.com/video/270771/راه-حل-قربانزاده-برای-افزایش-سهام-سرخابی-ها,['video-type']
سردار روی نیمکت لورکوزن مقابل بوخوم,https://www.varzesh3.com/news/1866781/سردار-روی-نیمکت-لورکوزن-مقابل-بوخوم,['text-type']
خبری از تمدید نقل و انتقالات برای باشگاه‌ها نیست,https://www.varzesh3.com/news/1866780/خبری-از-تمدید-نقل-و-انتقالات-برای-باشگاه-ها-نیست,['text-type']
ادعای بزرگ: بارسا زیر پای یک رئالی نشست!,https://www.varzesh3.com/news/1866779/ادعای-بزرگ-بارسا-زیر-پای-یک-رئالی-نشست,['text-type']
مصدومیت، بهانه نجات موقت پولیشیچ در چلسی,https://www.varzesh3.com/news/1866778/مصدومیت-بهانه-نجات-موقت-پولیشیچ-در-چلسی,['text-type']
بمب قلعه‌نویی در نیم فصل نقل و انتقالات,https://www.varzesh3.com/news/1866776/رسمی-محمدرضا-حسینی-به-گل-گهر-پیوست,['text-type']
توپ طلاهای آینده را اودگارد درو می‌کند,https://www.varzesh3.com/news/1866775/توپ-طلاهای-آینده-را-اودگارد-درو-می-کند,['text-type']
چرا مقابل سپاهان یزدانی کاپیتان استقلال شد؟,https://video.varzesh3.com/video/270769/چرا-مقابل-سپاهان-یزدانی-کاپیتان-استقلال-شد,['video-type']
واکنش فکری به کنار گذاشتن یزدانی از استقلال,https://video.varzesh3.com/video/270767/واکنش-فکری-به-کنار-گذاشتن-یزدانی-از-استقلال,['video-type']
مادرید شیفته مودریچ: نمی‌گذاریم لوکیتا برود!,https://www.varzesh3.com/news/1866774/مادرید-شیفته-مودریچ-نمی-گذاریم-لوکیتا-برود,['text-type']
ساپینتو: به سیاوش یزدانی خیلی فرصت داده‌ام,https://video.varzesh3.com/video/270766/ساپینتو-به-سیاوش-یزدانی-خیلی-فرصت-داده-ام,['video-type']
تیم داوری باید با ما منصفانه‌تر برخورد کند ,https://video.varzesh3.com/video/270764/تیم-داوری-باید-با-ما-منصفانه-تر-برخورد-کند,['video-type']
ملوان متفاوت‌تر از نیم فصل اول شده است,https://video.varzesh3.com/video/270763/ملوان-متفاوت-تر-از-نیم-فصل-اول-شده-است,['video-type']
24 ساعت دلهره آور برای رشید مظاهری,https://www.varzesh3.com/news/1866773/24-ساعت-دلهره-آور-برای-رشید-مظاهری,['text-type']
با جذب بازیکنان جدید تیم هماهنگ‌تری خواهیم شد,https://video.varzesh3.com/video/270760/با-جذب-بازیکنان-جدید-تیم-هماهنگ-تری-خواهیم-شد,['video-type']
میلان به دنبال جذب مهاجم مغضوب مورینیو,https://www.varzesh3.com/news/1866768/میلان-به-دنبال-جذب-مهاجم-مغضوب-مورینیو,['text-type']
پاداش ۵۰میلیاردی برای قهرمانی پرسپولیس در آسیا,https://www.varzesh3.com/news/1866767/پاداش-۵۰-میلیاردی-دولت-قهرمانی-پرسپولیس-در-آسیا,['text-type']
جواب رد سجاد شهباززاده به پیشنهاد نفت آبادان,https://www.varzesh3.com/news/1866766/جواب-رد-سجاد-شهباززاده-به-پیشنهاد-نفت-آبادان,['text-type']
مربی سابق استقلال در امارات مدرک A می‌گیرد,https://www.varzesh3.com/news/1866764/مربی-سابق-استقلال-در-امارات-مدرک-a-می-گیرد,['text-type']
فکری: متاسفانه روی اشتباه از شهرداری آستارا گل خوردیم,https://video.varzesh3.com/video/270758/فکری-متاسفانه-روی-اشتباه-از-شهرداری-آستارا-گل-خوردیم,['video-type']
واکنش کومان و دالیچ به قرعه لیگ ملت‌ها,https://www.varzesh3.com/news/1866765/واکنش-کومان-و-دالیچ-به-قرعه-لیگ-ملت-ها,['text-type']
لحظه‌ شماری عیسی برای بازی با پیراهن پرسپولیس,https://www.varzesh3.com/news/1866763/لحظه-شماری-عیسی-برای-بازی-با-پیراهن-پرسپولیس,['text-type']
خسروی: پنالتی دادیم و برنامه‌هایمان به‌هم ریخت,https://video.varzesh3.com/video/270756/خسروی-پنالتی-دادیم-و-برنامه-هایمان-بهم-ریخت,['video-type']
بمب ایرانی تیم فرهاد مجیدی خنثی شد,https://www.varzesh3.com/news/1866760/بمب-ایرانی-تیم-فرهاد-مجیدی-خنثی-شد,['text-type']
زارع: اصلا به خوشحالی هواداران پرسپولیس فکر نمی‌کنم,https://video.varzesh3.com/video/270755/زارع-اصلا-به-خوشحالی-هواداران-پرسپولیس-فکر-نمی-کنم,['video-type']
پیروزی داوران آلمانی: 48ساله بازنشسته نمی‌شویم!,https://www.varzesh3.com/news/1866761/پیروزی-داوران-آلمانی-48ساله-بازنشسته-نمی-شویم,['text-type']
ساپینتو: با رفتن از استقلال هر دوی‌مان را خوشحال کن!,https://www.varzesh3.com/news/1866759/ساپینتو-با-رفتن-از-استقلال-هر-دویمان-را-خوشحال-کن,['text-type']
فریسات: داور سه پنالتی برای ما باید می‌گرفت,https://video.varzesh3.com/video/270754/فریسات-داور-سه-پنالتی-برای-ما-باید-می-گرفت,['video-type']
چهارم به پایین برای پرسپولیس و استقلال ممنوع!,https://www.varzesh3.com/news/1866758/چهارم-به-پایین-برای-پرسپولیس-و-استقلال-ممنوع,['text-type']
ساپینتو: اگر از ما امتیاز بگیرند، قهرمانی غیرممکن است,https://www.varzesh3.com/news/1866747/ساپینتو-دیدار-سختی-با-یک-ملوان-متفاوت-داریم,['text-type']
پورموسوی: از شکل بازی تیمم راضی نیستم,https://video.varzesh3.com/video/270753/پورموسوی-از-شکل-بازی-تیمم-راضی-نیستم,['video-type']
امیدهای پرسپولیس زیرنظر دستیاران یحیی,https://www.varzesh3.com/news/1866756/امیدهای-پرسپولیس-زیرنظر-دستیاران-یحیی,['text-type']
سعیداوی: با دو هفته تمرین نکردن به مساوی رسیدیم,https://video.varzesh3.com/video/270752/سعیداوی-با-دو-هفته-تمرین-نکردن-به-مساوی-رسیدیم,['video-type']
